<?xml version="1.0" encoding="utf-8"?>
<container xmlns="http://symfony.com/schema/dic/services" xmlns:xsi="http://www.w3.org/2001/XMLSchema-instance" xsi:schemaLocation="http://symfony.com/schema/dic/services https://symfony.com/schema/dic/services/services-1.0.xsd">
  <parameters>
    <parameter key="kernel.project_dir">C:\xampp\htdocs\phpAPI</parameter>
    <parameter key="kernel.environment">production</parameter>
    <parameter key="kernel.runtime_environment">%env(default:kernel.environment:APP_RUNTIME_ENV)%</parameter>
    <parameter key="kernel.debug">true</parameter>
    <parameter key="kernel.build_dir">C:\xampp\htdocs\phpAPI\var\cache\production</parameter>
    <parameter key="kernel.cache_dir">C:\xampp\htdocs\phpAPI\var\cache\production</parameter>
    <parameter key="kernel.logs_dir">C:\xampp\htdocs\phpAPI\var\log</parameter>
    <parameter key="kernel.bundles" type="collection">
      <parameter key="FrameworkBundle">Symfony\Bundle\FrameworkBundle\FrameworkBundle</parameter>
      <parameter key="SensioFrameworkExtraBundle">Sensio\Bundle\FrameworkExtraBundle\SensioFrameworkExtraBundle</parameter>
    </parameter>
    <parameter key="kernel.bundles_metadata" type="collection">
      <parameter key="FrameworkBundle" type="collection">
        <parameter key="path">C:\xampp\htdocs\phpAPI\vendor\symfony\framework-bundle</parameter>
        <parameter key="namespace">Symfony\Bundle\FrameworkBundle</parameter>
      </parameter>
      <parameter key="SensioFrameworkExtraBundle" type="collection">
        <parameter key="path">C:\xampp\htdocs\phpAPI\vendor\sensio\framework-extra-bundle\src</parameter>
        <parameter key="namespace">Sensio\Bundle\FrameworkExtraBundle</parameter>
      </parameter>
    </parameter>
    <parameter key="kernel.charset">UTF-8</parameter>
    <parameter key="kernel.container_class">App_KernelProductionDebugContainer</parameter>
    <parameter key="event_dispatcher.event_aliases" type="collection">
      <parameter key="Symfony\Component\Console\Event\ConsoleCommandEvent">console.command</parameter>
      <parameter key="Symfony\Component\Console\Event\ConsoleErrorEvent">console.error</parameter>
      <parameter key="Symfony\Component\Console\Event\ConsoleSignalEvent">console.signal</parameter>
      <parameter key="Symfony\Component\Console\Event\ConsoleTerminateEvent">console.terminate</parameter>
      <parameter key="Symfony\Component\HttpKernel\Event\ControllerArgumentsEvent">kernel.controller_arguments</parameter>
      <parameter key="Symfony\Component\HttpKernel\Event\ControllerEvent">kernel.controller</parameter>
      <parameter key="Symfony\Component\HttpKernel\Event\ResponseEvent">kernel.response</parameter>
      <parameter key="Symfony\Component\HttpKernel\Event\FinishRequestEvent">kernel.finish_request</parameter>
      <parameter key="Symfony\Component\HttpKernel\Event\RequestEvent">kernel.request</parameter>
      <parameter key="Symfony\Component\HttpKernel\Event\ViewEvent">kernel.view</parameter>
      <parameter key="Symfony\Component\HttpKernel\Event\ExceptionEvent">kernel.exception</parameter>
      <parameter key="Symfony\Component\HttpKernel\Event\TerminateEvent">kernel.terminate</parameter>
    </parameter>
    <parameter key="fragment.renderer.hinclude.global_template">null</parameter>
    <parameter key="fragment.path">/_fragment</parameter>
    <parameter key="kernel.secret">%env(APP_SECRET)%</parameter>
    <parameter key="kernel.http_method_override">false</parameter>
    <parameter key="kernel.trusted_hosts" type="collection"/>
    <parameter key="kernel.default_locale">en</parameter>
    <parameter key="kernel.enabled_locales" type="collection"/>
    <parameter key="kernel.error_controller">error_controller</parameter>
    <parameter key="debug.file_link_format">null</parameter>
    <parameter key="cache.prefix.seed">_C:\xampp\htdocs\phpAPI.App_KernelProductionDebugContainer</parameter>
    <parameter key="session.metadata.storage_key">_sf2_meta</parameter>
    <parameter key="session.storage.options" type="collection">
      <parameter key="cache_limiter" type="string">0</parameter>
      <parameter key="cookie_secure">auto</parameter>
      <parameter key="cookie_httponly">true</parameter>
      <parameter key="cookie_samesite">lax</parameter>
      <parameter key="gc_probability">1</parameter>
    </parameter>
    <parameter key="session.save_path">C:\xampp\htdocs\phpAPI\var\cache\production/sessions</parameter>
    <parameter key="session.metadata.update_threshold">0</parameter>
    <parameter key="data_collector.templates" type="collection"/>
    <parameter key="debug.error_handler.throw_at">-1</parameter>
    <parameter key="debug.container.dump">C:\xampp\htdocs\phpAPI\var\cache\production/App_KernelProductionDebugContainer.xml</parameter>
    <parameter key="router.request_context.host">localhost</parameter>
    <parameter key="router.request_context.scheme">http</parameter>
    <parameter key="router.request_context.base_url"></parameter>
    <parameter key="router.resource">kernel::loadRoutes</parameter>
    <parameter key="request_listener.http_port">80</parameter>
    <parameter key="request_listener.https_port">443</parameter>
    <parameter key="console.command.ids" type="collection"/>
  </parameters>
  <services>
    <service id="service_container" class="Symfony\Component\DependencyInjection\ContainerInterface" public="true" synthetic="true"/>
    <service id="kernel" class="App\Kernel" public="true" synthetic="true" autoconfigure="true">
      <tag name="controller.service_arguments"/>
      <tag name="routing.route_loader"/>
    </service>
    <service id="App\Controller\ApiController" class="App\Controller\ApiController" public="true" autowire="true" autoconfigure="true">
      <tag name="controller.service_arguments"/>
      <tag name="container.service_subscriber"/>
      <call method="setContainer">
        <argument type="service" id=".service_locator.l1ae.Qz.App\Controller\ApiController"/>
      </call>
    </service>
    <service id="controller_resolver" class="Symfony\Bundle\FrameworkBundle\Controller\ControllerResolver">
      <tag name="monolog.logger" channel="request"/>
      <argument type="service" id="service_container"/>
      <argument type="service" id="logger" on-invalid="ignore"/>
    </service>
    <service id="argument_metadata_factory" class="Symfony\Component\HttpKernel\ControllerMetadata\ArgumentMetadataFactory"/>
    <service id="argument_resolver" class="Symfony\Component\HttpKernel\Controller\ArgumentResolver">
      <argument type="service" id="argument_metadata_factory"/>
      <argument type="iterator">
        <argument type="service" id="argument_resolver.request_attribute"/>
        <argument type="service" id="argument_resolver.request"/>
        <argument type="service" id="argument_resolver.session"/>
        <argument type="service" id="argument_resolver.service"/>
        <argument type="service" id="argument_resolver.default"/>
        <argument type="service" id="argument_resolver.variadic"/>
      </argument>
    </service>
    <service id="argument_resolver.request_attribute" class="Symfony\Component\HttpKernel\Controller\ArgumentResolver\RequestAttributeValueResolver">
      <tag name="controller.argument_value_resolver" priority="100"/>
    </service>
    <service id="argument_resolver.request" class="Symfony\Component\HttpKernel\Controller\ArgumentResolver\RequestValueResolver">
      <tag name="controller.argument_value_resolver" priority="50"/>
    </service>
    <service id="argument_resolver.session" class="Symfony\Component\HttpKernel\Controller\ArgumentResolver\SessionValueResolver">
      <tag name="controller.argument_value_resolver" priority="50"/>
    </service>
    <service id="argument_resolver.service" class="Symfony\Component\HttpKernel\Controller\ArgumentResolver\ServiceValueResolver">
      <tag name="controller.argument_value_resolver" priority="-50"/>
      <argument type="service" id=".service_locator.yIFORwQ"/>
    </service>
    <service id="argument_resolver.default" class="Symfony\Component\HttpKernel\Controller\ArgumentResolver\DefaultValueResolver">
      <tag name="controller.argument_value_resolver" priority="-100"/>
    </service>
    <service id="argument_resolver.variadic" class="Symfony\Component\HttpKernel\Controller\ArgumentResolver\VariadicValueResolver">
      <tag name="controller.argument_value_resolver" priority="-150"/>
    </service>
    <service id="response_listener" class="Symfony\Component\HttpKernel\EventListener\ResponseListener">
      <tag name="kernel.event_subscriber"/>
      <tag name="container.hot_path"/>
      <argument>UTF-8</argument>
      <argument>false</argument>
    </service>
    <service id="streamed_response_listener" class="Symfony\Component\HttpKernel\EventListener\StreamedResponseListener">
      <tag name="kernel.event_subscriber"/>
      <tag name="container.hot_path"/>
    </service>
    <service id="locale_listener" class="Symfony\Component\HttpKernel\EventListener\LocaleListener">
      <tag name="kernel.event_subscriber"/>
      <tag name="container.hot_path"/>
      <tag name="container.hot_path"/>
      <tag name="container.hot_path"/>
      <argument type="service" id="request_stack"/>
      <argument>en</argument>
      <argument type="service" id="router.default" on-invalid="ignore"/>
      <argument>false</argument>
      <argument type="collection"/>
    </service>
    <service id="validate_request_listener" class="Symfony\Component\HttpKernel\EventListener\ValidateRequestListener">
      <tag name="kernel.event_subscriber"/>
      <tag name="container.hot_path"/>
    </service>
    <service id="disallow_search_engine_index_response_listener" class="Symfony\Component\HttpKernel\EventListener\DisallowRobotsIndexingListener">
      <tag name="kernel.event_subscriber"/>
      <tag name="container.hot_path"/>
    </service>
    <service id="error_controller" class="Symfony\Component\HttpKernel\Controller\ErrorController" public="true">
      <argument type="service" id="http_kernel"/>
      <argument>error_controller</argument>
      <argument type="service" id="error_handler.error_renderer.html"/>
    </service>
    <service id="exception_listener" class="Symfony\Component\HttpKernel\EventListener\ErrorListener">
      <tag name="kernel.event_subscriber"/>
      <tag name="monolog.logger" channel="request"/>
      <tag name="container.hot_path"/>
      <tag name="container.hot_path"/>
      <argument>error_controller</argument>
      <argument type="service" id="logger" on-invalid="null"/>
      <argument>true</argument>
      <argument type="collection"/>
    </service>
    <service id="parameter_bag" class="Symfony\Component\DependencyInjection\ParameterBag\ContainerBag">
      <argument type="service" id="service_container"/>
    </service>
    <service id="event_dispatcher" class="Symfony\Component\EventDispatcher\EventDispatcher" public="true">
      <tag name="container.hot_path"/>
      <tag name="event_dispatcher">event_dispatcher.dispatcher</tag>
      <call method="addListener">
        <argument>kernel.response</argument>
        <argument type="collection">
          <argument type="service_closure" id="response_listener"/>
          <argument>onKernelResponse</argument>
        </argument>
        <argument>0</argument>
      </call>
      <call method="addListener">
        <argument>kernel.response</argument>
        <argument type="collection">
          <argument type="service_closure" id="streamed_response_listener"/>
          <argument>onKernelResponse</argument>
        </argument>
        <argument>-1024</argument>
      </call>
      <call method="addListener">
        <argument>kernel.request</argument>
        <argument type="collection">
          <argument type="service_closure" id="locale_listener"/>
          <argument>setDefaultLocale</argument>
        </argument>
        <argument>100</argument>
      </call>
      <call method="addListener">
        <argument>kernel.request</argument>
        <argument type="collection">
          <argument type="service_closure" id="locale_listener"/>
          <argument>onKernelRequest</argument>
        </argument>
        <argument>16</argument>
      </call>
      <call method="addListener">
        <argument>kernel.finish_request</argument>
        <argument type="collection">
          <argument type="service_closure" id="locale_listener"/>
          <argument>onKernelFinishRequest</argument>
        </argument>
        <argument>0</argument>
      </call>
      <call method="addListener">
        <argument>kernel.request</argument>
        <argument type="collection">
          <argument type="service_closure" id="validate_request_listener"/>
          <argument>onKernelRequest</argument>
        </argument>
        <argument>256</argument>
      </call>
      <call method="addListener">
        <argument>kernel.response</argument>
        <argument type="collection">
          <argument type="service_closure" id="disallow_search_engine_index_response_listener"/>
          <argument>onResponse</argument>
        </argument>
        <argument>-255</argument>
      </call>
      <call method="addListener">
        <argument>kernel.controller_arguments</argument>
        <argument type="collection">
          <argument type="service_closure" id="exception_listener"/>
          <argument>onControllerArguments</argument>
        </argument>
        <argument>0</argument>
      </call>
      <call method="addListener">
        <argument>kernel.exception</argument>
        <argument type="collection">
          <argument type="service_closure" id="exception_listener"/>
          <argument>logKernelException</argument>
        </argument>
        <argument>0</argument>
      </call>
      <call method="addListener">
        <argument>kernel.exception</argument>
        <argument type="collection">
          <argument type="service_closure" id="exception_listener"/>
          <argument>onKernelException</argument>
        </argument>
        <argument>-128</argument>
      </call>
      <call method="addListener">
        <argument>kernel.response</argument>
        <argument type="collection">
          <argument type="service_closure" id="exception_listener"/>
          <argument>removeCspHeader</argument>
        </argument>
        <argument>-128</argument>
      </call>
      <call method="addListener">
        <argument>console.error</argument>
        <argument type="collection">
          <argument type="service_closure" id="console.error_listener"/>
          <argument>onConsoleError</argument>
        </argument>
        <argument>-128</argument>
      </call>
      <call method="addListener">
        <argument>console.terminate</argument>
        <argument type="collection">
          <argument type="service_closure" id="console.error_listener"/>
          <argument>onConsoleTerminate</argument>
        </argument>
        <argument>-128</argument>
      </call>
      <call method="addListener">
        <argument>console.error</argument>
        <argument type="collection">
          <argument type="service_closure" id="console.suggest_missing_package_subscriber"/>
          <argument>onConsoleError</argument>
        </argument>
        <argument>0</argument>
      </call>
      <call method="addListener">
        <argument>kernel.request</argument>
        <argument type="collection">
          <argument type="service_closure" id="session_listener"/>
          <argument>onKernelRequest</argument>
        </argument>
        <argument>128</argument>
      </call>
      <call method="addListener">
        <argument>kernel.response</argument>
        <argument type="collection">
          <argument type="service_closure" id="session_listener"/>
          <argument>onKernelResponse</argument>
        </argument>
        <argument>-1000</argument>
      </call>
      <call method="addListener">
        <argument>kernel.request</argument>
        <argument type="collection">
          <argument type="service_closure" id="debug.debug_handlers_listener"/>
          <argument>configure</argument>
        </argument>
        <argument>2048</argument>
      </call>
      <call method="addListener">
        <argument>console.command</argument>
        <argument type="collection">
          <argument type="service_closure" id="debug.debug_handlers_listener"/>
          <argument>configure</argument>
        </argument>
        <argument>2048</argument>
      </call>
      <call method="addListener">
        <argument>kernel.request</argument>
        <argument type="collection">
          <argument type="service_closure" id="router_listener"/>
          <argument>onKernelRequest</argument>
        </argument>
        <argument>32</argument>
      </call>
      <call method="addListener">
        <argument>kernel.finish_request</argument>
        <argument type="collection">
          <argument type="service_closure" id="router_listener"/>
          <argument>onKernelFinishRequest</argument>
        </argument>
        <argument>0</argument>
      </call>
      <call method="addListener">
        <argument>kernel.exception</argument>
        <argument type="collection">
          <argument type="service_closure" id="router_listener"/>
          <argument>onKernelException</argument>
        </argument>
        <argument>-64</argument>
      </call>
      <call method="addListener">
        <argument>kernel.controller</argument>
        <argument type="collection">
          <argument type="service_closure" id="sensio_framework_extra.controller.listener"/>
          <argument>onKernelController</argument>
        </argument>
        <argument>0</argument>
      </call>
      <call method="addListener">
        <argument>kernel.controller</argument>
        <argument type="collection">
          <argument type="service_closure" id="sensio_framework_extra.converter.listener"/>
          <argument>onKernelController</argument>
        </argument>
        <argument>0</argument>
      </call>
      <call method="addListener">
        <argument>kernel.controller</argument>
        <argument type="collection">
          <argument type="service_closure" id="sensio_framework_extra.cache.listener"/>
          <argument>onKernelController</argument>
        </argument>
        <argument>0</argument>
      </call>
      <call method="addListener">
        <argument>kernel.response</argument>
        <argument type="collection">
          <argument type="service_closure" id="sensio_framework_extra.cache.listener"/>
          <argument>onKernelResponse</argument>
        </argument>
        <argument>0</argument>
      </call>
      <call method="addListener">
        <argument>kernel.controller_arguments</argument>
        <argument type="collection">
          <argument type="service_closure" id="framework_extra_bundle.event.is_granted"/>
          <argument>onKernelControllerArguments</argument>
        </argument>
        <argument>0</argument>
      </call>
    </service>
    <service id="http_kernel" class="Symfony\Component\HttpKernel\HttpKernel" public="true">
      <tag name="container.hot_path"/>
      <tag name="container.preload" class="Symfony\Component\Runtime\Runner\Symfony\HttpKernelRunner"/>
      <tag name="container.preload" class="Symfony\Component\Runtime\Runner\Symfony\ResponseRunner"/>
      <tag name="container.preload" class="Symfony\Component\Runtime\SymfonyRuntime"/>
      <argument type="service" id="event_dispatcher"/>
      <argument type="service" id="controller_resolver"/>
      <argument type="service" id="request_stack"/>
      <argument type="service" id="argument_resolver"/>
    </service>
    <service id="request_stack" class="Symfony\Component\HttpFoundation\RequestStack" public="true"/>
    <service id="http_cache" class="Symfony\Bundle\FrameworkBundle\HttpCache\HttpCache">
      <tag name="container.hot_path"/>
      <argument type="service" id="kernel"/>
      <argument type="service" id="http_cache.store"/>
      <argument>null</argument>
      <argument type="collection">
        <argument key="debug">true</argument>
      </argument>
    </service>
    <service id="http_cache.store" class="Symfony\Component\HttpKernel\HttpCache\Store">
      <argument>C:\xampp\htdocs\phpAPI\var\cache\production/http_cache</argument>
    </service>
    <service id="url_helper" class="Symfony\Component\HttpFoundation\UrlHelper">
      <argument type="service" id="request_stack"/>
      <argument type="service" id="router.request_context" on-invalid="ignore"/>
    </service>
    <service id="cache_warmer" class="Symfony\Component\HttpKernel\CacheWarmer\CacheWarmerAggregate" public="true">
      <tag name="container.no_preload"/>
      <argument type="tagged_iterator" tag="kernel.cache_warmer"/>
      <argument>true</argument>
      <argument>C:\xampp\htdocs\phpAPI\var\cache\production/App_KernelProductionDebugContainerDeprecations.log</argument>
    </service>
    <service id="cache_clearer" class="Symfony\Component\HttpKernel\CacheClearer\ChainCacheClearer">
      <argument type="tagged_iterator" tag="kernel.cache_clearer"/>
    </service>
    <service id="filesystem" class="Symfony\Component\Filesystem\Filesystem"/>
    <service id="file_locator" class="Symfony\Component\HttpKernel\Config\FileLocator">
      <argument type="service" id="kernel"/>
    </service>
    <service id="uri_signer" class="Symfony\Component\HttpKernel\UriSigner">
      <argument>%env(APP_SECRET)%</argument>
    </service>
    <service id="config_cache_factory" class="Symfony\Component\Config\ResourceCheckerConfigCacheFactory">
      <argument type="tagged_iterator" tag="config_cache.resource_checker"/>
    </service>
    <service id="dependency_injection.config.container_parameters_resource_checker" class="Symfony\Component\DependencyInjection\Config\ContainerParametersResourceChecker">
      <tag name="config_cache.resource_checker" priority="-980"/>
      <argument type="service" id="service_container"/>
    </service>
    <service id="config.resource.self_checking_resource_checker" class="Symfony\Component\Config\Resource\SelfCheckingResourceChecker">
      <tag name="config_cache.resource_checker" priority="-990"/>
    </service>
    <service id="services_resetter" class="Symfony\Component\HttpKernel\DependencyInjection\ServicesResetter" public="true">
      <argument type="iterator">
        <argument key="cache.app" type="service" id="cache.app" on-invalid="ignore_uninitialized"/>
        <argument key="cache.system" type="service" id="cache.system" on-invalid="ignore_uninitialized"/>
        <argument key="cache.validator" type="service" id="cache.validator" on-invalid="ignore_uninitialized"/>
        <argument key="cache.serializer" type="service" id="cache.serializer" on-invalid="ignore_uninitialized"/>
        <argument key="cache.annotations" type="service" id="cache.annotations" on-invalid="ignore_uninitialized"/>
        <argument key="cache.property_info" type="service" id="cache.property_info" on-invalid="ignore_uninitialized"/>
        <argument key="session_listener" type="service" id="session_listener" on-invalid="ignore_uninitialized"/>
      </argument>
      <argument type="collection">
        <argument key="cache.app" type="collection">
          <argument>reset</argument>
        </argument>
        <argument key="cache.system" type="collection">
          <argument>reset</argument>
        </argument>
        <argument key="cache.validator" type="collection">
          <argument>reset</argument>
        </argument>
        <argument key="cache.serializer" type="collection">
          <argument>reset</argument>
        </argument>
        <argument key="cache.annotations" type="collection">
          <argument>reset</argument>
        </argument>
        <argument key="cache.property_info" type="collection">
          <argument>reset</argument>
        </argument>
        <argument key="session_listener" type="collection">
          <argument>reset</argument>
        </argument>
      </argument>
    </service>
    <service id="reverse_container" class="Symfony\Component\DependencyInjection\ReverseContainer">
      <argument type="service" id="service_container"/>
      <argument type="service" id=".service_locator.XXv1IfR"/>
    </service>
    <service id="container.env_var_processor" class="Symfony\Component\DependencyInjection\EnvVarProcessor">
      <tag name="container.env_var_processor"/>
      <argument type="service" id="service_container"/>
      <argument type="tagged_iterator" tag="container.env_var_loader"/>
    </service>
    <service id="slugger" class="stdClass"/>
    <service id="container.getenv" class="Closure">
      <tag name="routing.expression_language_function" function="env"/>
      <argument type="collection">
        <argument type="service" id="service_container"/>
        <argument>getEnv</argument>
      </argument>
      <factory class="Closure" method="fromCallable"/>
    </service>
    <service id="container.env" class="Symfony\Component\String\LazyString" abstract="true">
      <argument type="service" id="container.getenv"/>
      <factory class="Symfony\Component\String\LazyString" method="fromCallable"/>
    </service>
    <service id="config_builder.warmer" class="Symfony\Bundle\FrameworkBundle\CacheWarmer\ConfigBuilderCacheWarmer">
      <tag name="kernel.cache_warmer"/>
      <argument type="service" id="kernel"/>
      <argument type="service" id="logger" on-invalid="null"/>
    </service>
    <service id="fragment.handler" class="Symfony\Component\HttpKernel\DependencyInjection\LazyLoadingFragmentHandler">
      <argument type="service" id=".service_locator.lLv4pWF"/>
      <argument type="service" id="request_stack"/>
      <argument>true</argument>
    </service>
    <service id="fragment.uri_generator" class="Symfony\Component\HttpKernel\Fragment\FragmentUriGenerator">
      <argument>/_fragment</argument>
      <argument type="service" id="uri_signer"/>
      <argument type="service" id="request_stack"/>
    </service>
    <service id="fragment.renderer.inline" class="Symfony\Component\HttpKernel\Fragment\InlineFragmentRenderer">
      <tag name="kernel.fragment_renderer" alias="inline"/>
      <argument type="service" id="http_kernel"/>
      <argument type="service" id="event_dispatcher"/>
      <call method="setFragmentPath">
        <argument>/_fragment</argument>
      </call>
    </service>
    <service id="error_handler.error_renderer.html" class="Symfony\Component\ErrorHandler\ErrorRenderer\HtmlErrorRenderer">
      <argument type="service">
        <service>
          <argument type="service" id="request_stack"/>
          <argument>true</argument>
          <factory class="Symfony\Component\ErrorHandler\ErrorRenderer\HtmlErrorRenderer" method="isDebug"/>
        </service>
      </argument>
      <argument>UTF-8</argument>
      <argument type="service" id="debug.file_link_formatter" on-invalid="null"/>
      <argument>C:\xampp\htdocs\phpAPI</argument>
      <argument type="service">
        <service>
          <argument type="service" id="request_stack"/>
          <factory class="Symfony\Component\ErrorHandler\ErrorRenderer\HtmlErrorRenderer" method="getAndCleanOutputBuffer"/>
        </service>
      </argument>
      <argument type="service" id="logger" on-invalid="null"/>
    </service>
    <service id="console.error_listener" class="Symfony\Component\Console\EventListener\ErrorListener">
      <tag name="kernel.event_subscriber"/>
      <tag name="monolog.logger" channel="console"/>
      <tag name="container.no_preload"/>
      <argument type="service" id="logger" on-invalid="null"/>
    </service>
    <service id="console.suggest_missing_package_subscriber" class="Symfony\Bundle\FrameworkBundle\EventListener\SuggestMissingPackageSubscriber">
      <tag name="kernel.event_subscriber"/>
      <tag name="container.no_preload"/>
    </service>
    <service id="console.command.about" class="Symfony\Bundle\FrameworkBundle\Command\AboutCommand">
      <tag name="console.command"/>
      <tag name="container.no_preload"/>
      <call method="setName">
        <argument>about</argument>
      </call>
      <call method="setDescription">
        <argument>Display information about the current project</argument>
      </call>
    </service>
    <service id="console.command.assets_install" class="Symfony\Bundle\FrameworkBundle\Command\AssetsInstallCommand">
      <tag name="console.command"/>
      <tag name="container.no_preload"/>
      <argument type="service" id="filesystem"/>
      <argument>C:\xampp\htdocs\phpAPI</argument>
      <call method="setName">
        <argument>assets:install</argument>
      </call>
      <call method="setDescription">
        <argument>Install bundle's web assets under a public directory</argument>
      </call>
    </service>
    <service id="console.command.cache_clear" class="Symfony\Bundle\FrameworkBundle\Command\CacheClearCommand">
      <tag name="console.command"/>
      <tag name="container.no_preload"/>
      <argument type="service" id="cache_clearer"/>
      <argument type="service" id="filesystem"/>
      <call method="setName">
        <argument>cache:clear</argument>
      </call>
      <call method="setDescription">
        <argument>Clear the cache</argument>
      </call>
    </service>
    <service id="console.command.cache_pool_clear" class="Symfony\Bundle\FrameworkBundle\Command\CachePoolClearCommand">
      <tag name="console.command"/>
      <tag name="container.no_preload"/>
      <argument type="service" id="cache.global_clearer"/>
      <argument type="collection">
        <argument>cache.app</argument>
        <argument>cache.system</argument>
        <argument>cache.validator</argument>
        <argument>cache.serializer</argument>
        <argument>cache.annotations</argument>
        <argument>cache.property_info</argument>
      </argument>
      <call method="setName">
        <argument>cache:pool:clear</argument>
      </call>
      <call method="setDescription">
        <argument>Clear cache pools</argument>
      </call>
    </service>
    <service id="console.command.cache_pool_prune" class="Symfony\Bundle\FrameworkBundle\Command\CachePoolPruneCommand">
      <tag name="console.command"/>
      <tag name="container.no_preload"/>
      <argument type="collection"/>
      <call method="setName">
        <argument>cache:pool:prune</argument>
      </call>
      <call method="setDescription">
        <argument>Prune cache pools</argument>
      </call>
    </service>
    <service id="console.command.cache_pool_delete" class="Symfony\Bundle\FrameworkBundle\Command\CachePoolDeleteCommand">
      <tag name="console.command"/>
      <tag name="container.no_preload"/>
      <argument type="service" id="cache.global_clearer"/>
      <argument type="collection">
        <argument>cache.app</argument>
        <argument>cache.system</argument>
        <argument>cache.validator</argument>
        <argument>cache.serializer</argument>
        <argument>cache.annotations</argument>
        <argument>cache.property_info</argument>
      </argument>
      <call method="setName">
        <argument>cache:pool:delete</argument>
      </call>
      <call method="setDescription">
        <argument>Delete an item from a cache pool</argument>
      </call>
    </service>
    <service id="console.command.cache_pool_list" class="Symfony\Bundle\FrameworkBundle\Command\CachePoolListCommand">
      <tag name="console.command"/>
      <tag name="container.no_preload"/>
      <argument type="collection">
        <argument>cache.app</argument>
        <argument>cache.system</argument>
        <argument>cache.validator</argument>
        <argument>cache.serializer</argument>
        <argument>cache.annotations</argument>
        <argument>cache.property_info</argument>
      </argument>
      <call method="setName">
        <argument>cache:pool:list</argument>
      </call>
      <call method="setDescription">
        <argument>List available cache pools</argument>
      </call>
    </service>
    <service id="console.command.cache_warmup" class="Symfony\Bundle\FrameworkBundle\Command\CacheWarmupCommand">
      <tag name="console.command"/>
      <tag name="container.no_preload"/>
      <argument type="service" id="cache_warmer"/>
      <call method="setName">
        <argument>cache:warmup</argument>
      </call>
      <call method="setDescription">
        <argument>Warm up an empty cache</argument>
      </call>
    </service>
    <service id="console.command.config_debug" class="Symfony\Bundle\FrameworkBundle\Command\ConfigDebugCommand">
      <tag name="console.command"/>
      <tag name="container.no_preload"/>
      <call method="setName">
        <argument>debug:config</argument>
      </call>
      <call method="setDescription">
        <argument>Dump the current configuration for an extension</argument>
      </call>
    </service>
    <service id="console.command.config_dump_reference" class="Symfony\Bundle\FrameworkBundle\Command\ConfigDumpReferenceCommand">
      <tag name="console.command"/>
      <tag name="container.no_preload"/>
      <call method="setName">
        <argument>config:dump-reference</argument>
      </call>
      <call method="setDescription">
        <argument>Dump the default configuration for an extension</argument>
      </call>
    </service>
    <service id="console.command.container_debug" class="Symfony\Bundle\FrameworkBundle\Command\ContainerDebugCommand">
      <tag name="console.command"/>
      <tag name="container.no_preload"/>
      <call method="setName">
        <argument>debug:container</argument>
      </call>
      <call method="setDescription">
        <argument>Display current services for an application</argument>
      </call>
    </service>
    <service id="console.command.container_lint" class="Symfony\Bundle\FrameworkBundle\Command\ContainerLintCommand">
      <tag name="console.command"/>
      <tag name="container.no_preload"/>
      <call method="setName">
        <argument>lint:container</argument>
      </call>
      <call method="setDescription">
        <argument>Ensure that arguments injected into services match type declarations</argument>
      </call>
    </service>
    <service id="console.command.debug_autowiring" class="Symfony\Bundle\FrameworkBundle\Command\DebugAutowiringCommand">
      <tag name="console.command"/>
      <tag name="container.no_preload"/>
      <argument>null</argument>
      <argument type="service" id="debug.file_link_formatter" on-invalid="null"/>
      <call method="setName">
        <argument>debug:autowiring</argument>
      </call>
      <call method="setDescription">
        <argument>List classes/interfaces you can use for autowiring</argument>
      </call>
    </service>
    <service id="console.command.dotenv_debug" class="Symfony\Component\Dotenv\Command\DebugCommand">
      <tag name="console.command"/>
      <tag name="container.no_preload"/>
      <argument>production</argument>
      <argument>C:\xampp\htdocs\phpAPI</argument>
      <call method="setName">
        <argument>debug:dotenv</argument>
      </call>
      <call method="setDescription">
        <argument>Lists all dotenv files with variables and values</argument>
      </call>
    </service>
    <service id="console.command.event_dispatcher_debug" class="Symfony\Bundle\FrameworkBundle\Command\EventDispatcherDebugCommand">
      <tag name="console.command"/>
      <tag name="container.no_preload"/>
      <argument type="service" id=".service_locator.Xobvezw"/>
      <call method="setName">
        <argument>debug:event-dispatcher</argument>
      </call>
      <call method="setDescription">
        <argument>Display configured listeners for an application</argument>
      </call>
    </service>
    <service id="console.command.router_debug" class="Symfony\Bundle\FrameworkBundle\Command\RouterDebugCommand">
      <tag name="console.command"/>
      <tag name="container.no_preload"/>
      <argument type="service" id="router.default"/>
      <argument type="service" id="debug.file_link_formatter" on-invalid="null"/>
      <call method="setName">
        <argument>debug:router</argument>
      </call>
      <call method="setDescription">
        <argument>Display current routes for an application</argument>
      </call>
    </service>
    <service id="console.command.router_match" class="Symfony\Bundle\FrameworkBundle\Command\RouterMatchCommand">
      <tag name="console.command"/>
      <tag name="container.no_preload"/>
      <argument type="service" id="router.default"/>
      <argument type="tagged_iterator" tag="routing.expression_language_provider"/>
      <call method="setName">
        <argument>router:match</argument>
      </call>
      <call method="setDescription">
        <argument>Help debug routes by simulating a path info match</argument>
      </call>
    </service>
    <service id="console.command.yaml_lint" class="Symfony\Bundle\FrameworkBundle\Command\YamlLintCommand">
      <tag name="console.command"/>
      <tag name="container.no_preload"/>
      <call method="setName">
        <argument>lint:yaml</argument>
      </call>
      <call method="setDescription">
        <argument>Lint a YAML file and outputs encountered errors</argument>
      </call>
    </service>
    <service id="console.command.secrets_set" class="Symfony\Bundle\FrameworkBundle\Command\SecretsSetCommand">
      <tag name="console.command"/>
      <tag name="container.no_preload"/>
      <argument type="service" id="secrets.vault"/>
      <argument type="service" id="secrets.local_vault" on-invalid="null"/>
      <call method="setName">
        <argument>secrets:set</argument>
      </call>
      <call method="setDescription">
        <argument>Set a secret in the vault</argument>
      </call>
    </service>
    <service id="console.command.secrets_remove" class="Symfony\Bundle\FrameworkBundle\Command\SecretsRemoveCommand">
      <tag name="console.command"/>
      <tag name="container.no_preload"/>
      <argument type="service" id="secrets.vault"/>
      <argument type="service" id="secrets.local_vault" on-invalid="null"/>
      <call method="setName">
        <argument>secrets:remove</argument>
      </call>
      <call method="setDescription">
        <argument>Remove a secret from the vault</argument>
      </call>
    </service>
    <service id="console.command.secrets_generate_key" class="Symfony\Bundle\FrameworkBundle\Command\SecretsGenerateKeysCommand">
      <tag name="console.command"/>
      <tag name="container.no_preload"/>
      <argument type="service" id="secrets.vault"/>
      <argument type="service" id="secrets.local_vault" on-invalid="ignore"/>
      <call method="setName">
        <argument>secrets:generate-keys</argument>
      </call>
      <call method="setDescription">
        <argument>Generate new encryption keys</argument>
      </call>
    </service>
    <service id="console.command.secrets_list" class="Symfony\Bundle\FrameworkBundle\Command\SecretsListCommand">
      <tag name="console.command"/>
      <tag name="container.no_preload"/>
      <argument type="service" id="secrets.vault"/>
      <argument type="service" id="secrets.local_vault" on-invalid="ignore"/>
      <call method="setName">
        <argument>secrets:list</argument>
      </call>
      <call method="setDescription">
        <argument>List all secrets</argument>
      </call>
    </service>
    <service id="console.command.secrets_decrypt_to_local" class="Symfony\Bundle\FrameworkBundle\Command\SecretsDecryptToLocalCommand">
      <tag name="console.command"/>
      <tag name="container.no_preload"/>
      <argument type="service" id="secrets.vault"/>
      <argument type="service" id="secrets.local_vault" on-invalid="ignore"/>
      <call method="setName">
        <argument>secrets:decrypt-to-local</argument>
      </call>
      <call method="setDescription">
        <argument>Decrypt all secrets and stores them in the local vault</argument>
      </call>
    </service>
    <service id="console.command.secrets_encrypt_from_local" class="Symfony\Bundle\FrameworkBundle\Command\SecretsEncryptFromLocalCommand">
      <tag name="console.command"/>
      <tag name="container.no_preload"/>
      <argument type="service" id="secrets.vault"/>
      <argument type="service" id="secrets.local_vault" on-invalid="ignore"/>
      <call method="setName">
        <argument>secrets:encrypt-from-local</argument>
      </call>
      <call method="setDescription">
        <argument>Encrypt all local secrets to the vault</argument>
      </call>
    </service>
    <service id="cache.app" class="Symfony\Component\Cache\Adapter\FilesystemAdapter" public="true">
      <tag name="cache.pool"/>
      <tag name="kernel.reset" method="reset"/>
      <argument>1M-HNEYPIS</argument>
      <argument>0</argument>
      <argument>C:\xampp\htdocs\phpAPI\var\cache\production/pools/app</argument>
      <argument type="service" id="cache.default_marshaller" on-invalid="ignore"/>
      <call method="setLogger">
        <argument type="service" id="logger" on-invalid="ignore"/>
      </call>
    </service>
    <service id="cache.app.taggable" class="Symfony\Component\Cache\Adapter\TagAwareAdapter">
      <argument type="service" id="cache.app"/>
    </service>
    <service id="cache.system" class="Symfony\Component\Cache\Adapter\AdapterInterface" public="true">
      <tag name="cache.pool"/>
      <tag name="kernel.reset" method="reset"/>
      <argument>Kt-XmwLAYK</argument>
      <argument>0</argument>
      <argument>%container.build_id%</argument>
      <argument>C:\xampp\htdocs\phpAPI\var\cache\production/pools/system</argument>
      <argument type="service" id="logger" on-invalid="ignore"/>
      <factory class="Symfony\Component\Cache\Adapter\AbstractAdapter" method="createSystemCache"/>
    </service>
    <service id="cache.validator" class="Symfony\Component\Cache\Adapter\AdapterInterface">
      <tag name="cache.pool"/>
      <tag name="kernel.reset" method="reset"/>
      <argument>atfZqfd3yy</argument>
      <argument>0</argument>
      <argument>%container.build_id%</argument>
      <argument>C:\xampp\htdocs\phpAPI\var\cache\production/pools/system</argument>
      <argument type="service" id="logger" on-invalid="ignore"/>
      <factory class="Symfony\Component\Cache\Adapter\AbstractAdapter" method="createSystemCache"/>
    </service>
    <service id="cache.serializer" class="Symfony\Component\Cache\Adapter\AdapterInterface">
      <tag name="cache.pool"/>
      <tag name="kernel.reset" method="reset"/>
      <argument>G1BE+T7WGW</argument>
      <argument>0</argument>
      <argument>%container.build_id%</argument>
      <argument>C:\xampp\htdocs\phpAPI\var\cache\production/pools/system</argument>
      <argument type="service" id="logger" on-invalid="ignore"/>
      <factory class="Symfony\Component\Cache\Adapter\AbstractAdapter" method="createSystemCache"/>
    </service>
    <service id="cache.annotations" class="Symfony\Component\Cache\Adapter\AdapterInterface">
      <tag name="cache.pool"/>
      <tag name="kernel.reset" method="reset"/>
      <argument>+4k8IfUtJt</argument>
      <argument>0</argument>
      <argument>%container.build_id%</argument>
      <argument>C:\xampp\htdocs\phpAPI\var\cache\production/pools/system</argument>
      <argument type="service" id="logger" on-invalid="ignore"/>
      <factory class="Symfony\Component\Cache\Adapter\AbstractAdapter" method="createSystemCache"/>
    </service>
    <service id="cache.property_info" class="Symfony\Component\Cache\Adapter\AdapterInterface">
      <tag name="cache.pool"/>
      <tag name="kernel.reset" method="reset"/>
      <argument>TAjg6FY5tJ</argument>
      <argument>0</argument>
      <argument>%container.build_id%</argument>
      <argument>C:\xampp\htdocs\phpAPI\var\cache\production/pools/system</argument>
      <argument type="service" id="logger" on-invalid="ignore"/>
      <factory class="Symfony\Component\Cache\Adapter\AbstractAdapter" method="createSystemCache"/>
    </service>
    <service id="cache.adapter.system" class="Symfony\Component\Cache\Adapter\AdapterInterface" abstract="true">
      <tag name="cache.pool" clearer="cache.system_clearer" reset="reset"/>
      <tag name="monolog.logger" channel="cache"/>
      <argument></argument>
      <argument>0</argument>
      <argument>%container.build_id%</argument>
      <argument>C:\xampp\htdocs\phpAPI\var\cache\production/pools/system</argument>
      <argument type="service" id="logger" on-invalid="ignore"/>
      <factory class="Symfony\Component\Cache\Adapter\AbstractAdapter" method="createSystemCache"/>
    </service>
    <service id="cache.adapter.apcu" class="Symfony\Component\Cache\Adapter\ApcuAdapter" abstract="true">
      <tag name="cache.pool" clearer="cache.default_clearer" reset="reset"/>
      <tag name="monolog.logger" channel="cache"/>
      <argument></argument>
      <argument>0</argument>
      <argument>%container.build_id%</argument>
      <call method="setLogger">
        <argument type="service" id="logger" on-invalid="ignore"/>
      </call>
    </service>
    <service id="cache.adapter.filesystem" class="Symfony\Component\Cache\Adapter\FilesystemAdapter" abstract="true">
      <tag name="cache.pool" clearer="cache.default_clearer" reset="reset"/>
      <tag name="monolog.logger" channel="cache"/>
      <argument></argument>
      <argument>0</argument>
      <argument>C:\xampp\htdocs\phpAPI\var\cache\production/pools/app</argument>
      <argument type="service" id="cache.default_marshaller" on-invalid="ignore"/>
      <call method="setLogger">
        <argument type="service" id="logger" on-invalid="ignore"/>
      </call>
    </service>
    <service id="cache.adapter.psr6" class="Symfony\Component\Cache\Adapter\ProxyAdapter" abstract="true">
      <tag name="cache.pool" provider="cache.default_psr6_provider" clearer="cache.default_clearer" reset="reset"/>
      <argument type="abstract">PSR-6 provider service</argument>
      <argument></argument>
      <argument>0</argument>
    </service>
    <service id="cache.adapter.redis" class="Symfony\Component\Cache\Adapter\RedisAdapter" abstract="true">
      <tag name="cache.pool" provider="cache.default_redis_provider" clearer="cache.default_clearer" reset="reset"/>
      <tag name="monolog.logger" channel="cache"/>
      <argument type="abstract">Redis connection service</argument>
      <argument></argument>
      <argument>0</argument>
      <argument type="service" id="cache.default_marshaller" on-invalid="ignore"/>
      <call method="setLogger">
        <argument type="service" id="logger" on-invalid="ignore"/>
      </call>
    </service>
    <service id="cache.adapter.redis_tag_aware" class="Symfony\Component\Cache\Adapter\RedisTagAwareAdapter" abstract="true">
      <tag name="cache.pool" provider="cache.default_redis_provider" clearer="cache.default_clearer" reset="reset"/>
      <tag name="monolog.logger" channel="cache"/>
      <argument type="abstract">Redis connection service</argument>
      <argument></argument>
      <argument>0</argument>
      <argument type="service" id="cache.default_marshaller" on-invalid="ignore"/>
      <call method="setLogger">
        <argument type="service" id="logger" on-invalid="ignore"/>
      </call>
    </service>
    <service id="cache.adapter.memcached" class="Symfony\Component\Cache\Adapter\MemcachedAdapter" abstract="true">
      <tag name="cache.pool" provider="cache.default_memcached_provider" clearer="cache.default_clearer" reset="reset"/>
      <tag name="monolog.logger" channel="cache"/>
      <argument type="abstract">Memcached connection service</argument>
      <argument></argument>
      <argument>0</argument>
      <argument type="service" id="cache.default_marshaller" on-invalid="ignore"/>
      <call method="setLogger">
        <argument type="service" id="logger" on-invalid="ignore"/>
      </call>
    </service>
    <service id="cache.adapter.doctrine_dbal" class="Symfony\Component\Cache\Adapter\DoctrineDbalAdapter" abstract="true">
      <tag name="cache.pool" provider="cache.default_doctrine_dbal_provider" clearer="cache.default_clearer" reset="reset"/>
      <tag name="monolog.logger" channel="cache"/>
      <argument type="abstract">DBAL connection service</argument>
      <argument></argument>
      <argument>0</argument>
      <argument type="collection"/>
      <argument type="service" id="cache.default_marshaller" on-invalid="ignore"/>
      <call method="setLogger">
        <argument type="service" id="logger" on-invalid="ignore"/>
      </call>
    </service>
    <service id="cache.adapter.pdo" class="Symfony\Component\Cache\Adapter\PdoAdapter" abstract="true">
      <tag name="cache.pool" provider="cache.default_pdo_provider" clearer="cache.default_clearer" reset="reset"/>
      <tag name="monolog.logger" channel="cache"/>
      <argument type="abstract">PDO connection service</argument>
      <argument></argument>
      <argument>0</argument>
      <argument type="collection"/>
      <argument type="service" id="cache.default_marshaller" on-invalid="ignore"/>
      <call method="setLogger">
        <argument type="service" id="logger" on-invalid="ignore"/>
      </call>
    </service>
    <service id="cache.adapter.array" class="Symfony\Component\Cache\Adapter\ArrayAdapter" abstract="true">
      <tag name="cache.pool" clearer="cache.default_clearer" reset="reset"/>
      <tag name="monolog.logger" channel="cache"/>
      <argument>0</argument>
      <call method="setLogger">
        <argument type="service" id="logger" on-invalid="ignore"/>
      </call>
    </service>
    <service id="cache.default_marshaller" class="Symfony\Component\Cache\Marshaller\DefaultMarshaller">
      <argument>null</argument>
      <argument>true</argument>
    </service>
    <service id="cache.default_clearer" class="Symfony\Component\HttpKernel\CacheClearer\Psr6CacheClearer">
      <tag name="cache.pool.clearer"/>
      <argument type="collection">
        <argument key="cache.app" type="service" id="cache.app" on-invalid="ignore_uninitialized"/>
      </argument>
    </service>
    <service id="cache.system_clearer" class="Symfony\Component\HttpKernel\CacheClearer\Psr6CacheClearer" public="true">
      <tag name="cache.pool.clearer"/>
      <tag name="kernel.cache_clearer"/>
      <argument type="collection">
        <argument key="cache.system" type="service" id="cache.system" on-invalid="ignore_uninitialized"/>
        <argument key="cache.validator" type="service" id="cache.validator" on-invalid="ignore_uninitialized"/>
        <argument key="cache.serializer" type="service" id="cache.serializer" on-invalid="ignore_uninitialized"/>
        <argument key="cache.annotations" type="service" id="cache.annotations" on-invalid="ignore_uninitialized"/>
        <argument key="cache.property_info" type="service" id="cache.property_info" on-invalid="ignore_uninitialized"/>
      </argument>
    </service>
    <service id="cache.global_clearer" class="Symfony\Component\HttpKernel\CacheClearer\Psr6CacheClearer" public="true">
      <tag name="cache.pool.clearer"/>
      <argument type="collection">
        <argument key="cache.app" type="service" id="cache.app" on-invalid="ignore_uninitialized"/>
        <argument key="cache.system" type="service" id="cache.system" on-invalid="ignore_uninitialized"/>
        <argument key="cache.validator" type="service" id="cache.validator" on-invalid="ignore_uninitialized"/>
        <argument key="cache.serializer" type="service" id="cache.serializer" on-invalid="ignore_uninitialized"/>
        <argument key="cache.annotations" type="service" id="cache.annotations" on-invalid="ignore_uninitialized"/>
        <argument key="cache.property_info" type="service" id="cache.property_info" on-invalid="ignore_uninitialized"/>
      </argument>
    </service>
    <service id=".cache_connection.GD_MSZC" class="Symfony\Component\Cache\Adapter\AbstractAdapter">
      <argument>redis://localhost</argument>
      <argument type="collection">
        <argument key="lazy">true</argument>
      </argument>
      <factory class="Symfony\Component\Cache\Adapter\AbstractAdapter" method="createConnection"/>
    </service>
    <service id=".cache_connection.JKE6keX" class="Symfony\Component\Cache\Adapter\AbstractAdapter">
      <argument>memcached://localhost</argument>
      <argument type="collection">
        <argument key="lazy">true</argument>
      </argument>
      <factory class="Symfony\Component\Cache\Adapter\AbstractAdapter" method="createConnection"/>
    </service>
    <service id="session.factory" class="Symfony\Component\HttpFoundation\Session\SessionFactory">
      <argument type="service" id="request_stack"/>
      <argument type="service" id="session.storage.factory.native"/>
      <argument type="collection">
        <argument type="service" id="session_listener"/>
        <argument>onSessionUsage</argument>
      </argument>
    </service>
    <service id="session.storage.factory.native" class="Symfony\Component\HttpFoundation\Session\Storage\NativeSessionStorageFactory">
      <argument>%session.storage.options%</argument>
      <argument>null</argument>
      <argument type="service">
        <service class="Symfony\Component\HttpFoundation\Session\Storage\MetadataBag">
          <argument>_sf2_meta</argument>
          <argument>0</argument>
        </service>
      </argument>
      <argument>true</argument>
    </service>
    <service id="session.storage.factory.php_bridge" class="Symfony\Component\HttpFoundation\Session\Storage\PhpBridgeSessionStorageFactory">
      <argument>null</argument>
      <argument type="service">
        <service class="Symfony\Component\HttpFoundation\Session\Storage\MetadataBag">
          <argument>_sf2_meta</argument>
          <argument>0</argument>
        </service>
      </argument>
      <argument>true</argument>
    </service>
    <service id="session.storage.factory.mock_file" class="Symfony\Component\HttpFoundation\Session\Storage\MockFileSessionStorageFactory">
      <argument>C:\xampp\htdocs\phpAPI\var\cache\production/sessions</argument>
      <argument>MOCKSESSID</argument>
      <argument type="service">
        <service class="Symfony\Component\HttpFoundation\Session\Storage\MetadataBag">
          <argument>_sf2_meta</argument>
          <argument>0</argument>
        </service>
      </argument>
    </service>
    <service id="session.handler.native_file" class="Symfony\Component\HttpFoundation\Session\Storage\Handler\StrictSessionHandler">
      <argument type="service">
        <service class="Symfony\Component\HttpFoundation\Session\Storage\Handler\NativeFileSessionHandler">
          <argument>C:\xampp\htdocs\phpAPI\var\cache\production/sessions</argument>
        </service>
      </argument>
    </service>
    <service id="session.abstract_handler" class="Symfony\Component\HttpFoundation\Session\Storage\Handler\AbstractSessionHandler">
      <argument type="abstract">A string or a connection object</argument>
      <factory class="Symfony\Component\HttpFoundation\Session\Storage\Handler\SessionHandlerFactory" method="createHandler"/>
    </service>
    <service id="session_listener" class="Symfony\Component\HttpKernel\EventListener\SessionListener">
      <tag name="kernel.event_subscriber"/>
      <tag name="kernel.reset" method="reset"/>
      <tag name="container.hot_path"/>
      <tag name="container.hot_path"/>
      <argument type="service" id=".service_locator.cXsfP3P"/>
      <argument>true</argument>
      <argument>%session.storage.options%</argument>
    </service>
    <service id="session.marshaller" class="Symfony\Component\HttpFoundation\Session\Storage\Handler\IdentityMarshaller"/>
    <service id="debug.debug_handlers_listener" class="Symfony\Component\HttpKernel\EventListener\DebugHandlersListener">
      <tag name="kernel.event_subscriber"/>
      <tag name="monolog.logger" channel="php"/>
      <tag name="container.hot_path"/>
      <argument>null</argument>
      <argument>null</argument>
      <argument>null</argument>
      <argument>-1</argument>
      <argument>true</argument>
      <argument>true</argument>
      <argument>null</argument>
    </service>
    <service id="debug.file_link_formatter" class="Symfony\Component\HttpKernel\Debug\FileLinkFormatter">
      <argument>null</argument>
    </service>
    <service id="routing.resolver" class="Symfony\Component\Config\Loader\LoaderResolver">
      <call method="addLoader">
        <argument type="service" id="routing.loader.xml"/>
      </call>
      <call method="addLoader">
        <argument type="service" id="routing.loader.yml"/>
      </call>
      <call method="addLoader">
        <argument type="service" id="routing.loader.php"/>
      </call>
      <call method="addLoader">
        <argument type="service" id="routing.loader.glob"/>
      </call>
      <call method="addLoader">
        <argument type="service" id="routing.loader.directory"/>
      </call>
      <call method="addLoader">
        <argument type="service" id="routing.loader.container"/>
      </call>
      <call method="addLoader">
        <argument type="service" id="routing.loader.annotation"/>
      </call>
      <call method="addLoader">
        <argument type="service" id="routing.loader.annotation.directory"/>
      </call>
      <call method="addLoader">
        <argument type="service" id="routing.loader.annotation.file"/>
      </call>
    </service>
    <service id="routing.loader.xml" class="Symfony\Component\Routing\Loader\XmlFileLoader">
      <tag name="routing.loader"/>
      <argument type="service" id="file_locator"/>
      <argument>production</argument>
    </service>
    <service id="routing.loader.yml" class="Symfony\Component\Routing\Loader\YamlFileLoader">
      <tag name="routing.loader"/>
      <argument type="service" id="file_locator"/>
      <argument>production</argument>
    </service>
    <service id="routing.loader.php" class="Symfony\Component\Routing\Loader\PhpFileLoader">
      <tag name="routing.loader"/>
      <argument type="service" id="file_locator"/>
      <argument>production</argument>
    </service>
    <service id="routing.loader.glob" class="Symfony\Component\Routing\Loader\GlobFileLoader">
      <tag name="routing.loader"/>
      <argument type="service" id="file_locator"/>
      <argument>production</argument>
    </service>
    <service id="routing.loader.directory" class="Symfony\Component\Routing\Loader\DirectoryLoader">
      <tag name="routing.loader"/>
      <argument type="service" id="file_locator"/>
      <argument>production</argument>
    </service>
    <service id="routing.loader.container" class="Symfony\Component\Routing\Loader\ContainerLoader">
      <tag name="routing.loader"/>
      <argument type="service" id=".service_locator.kODoftA"/>
      <argument>production</argument>
    </service>
    <service id="routing.loader" class="Symfony\Bundle\FrameworkBundle\Routing\DelegatingLoader" public="true">
      <argument type="service" id="routing.resolver"/>
      <argument type="collection">
        <argument key="utf8">true</argument>
      </argument>
      <argument type="collection"/>
    </service>
    <service id="router.default" class="Symfony\Bundle\FrameworkBundle\Routing\Router">
      <tag name="monolog.logger" channel="router"/>
      <tag name="container.service_subscriber" id="routing.loader"/>
      <argument type="service" id=".service_locator.WOytlHA.router.default"/>
      <argument>kernel::loadRoutes</argument>
      <argument type="collection">
        <argument key="cache_dir">C:\xampp\htdocs\phpAPI\var\cache\production</argument>
        <argument key="debug">true</argument>
        <argument key="generator_class">Symfony\Component\Routing\Generator\CompiledUrlGenerator</argument>
        <argument key="generator_dumper_class">Symfony\Component\Routing\Generator\Dumper\CompiledUrlGeneratorDumper</argument>
        <argument key="matcher_class">Symfony\Bundle\FrameworkBundle\Routing\RedirectableCompiledUrlMatcher</argument>
        <argument key="matcher_dumper_class">Symfony\Component\Routing\Matcher\Dumper\CompiledUrlMatcherDumper</argument>
        <argument key="strict_requirements">true</argument>
        <argument key="resource_type">service</argument>
      </argument>
      <argument type="service" id="router.request_context" on-invalid="ignore"/>
      <argument type="service" id="parameter_bag" on-invalid="ignore"/>
      <argument type="service" id="logger" on-invalid="ignore"/>
      <argument>en</argument>
      <call method="setConfigCacheFactory">
        <argument type="service" id="config_cache_factory"/>
      </call>
    </service>
    <service id="router.request_context" class="Symfony\Component\Routing\RequestContext">
      <argument></argument>
      <argument>localhost</argument>
      <argument>http</argument>
      <argument>80</argument>
      <argument>443</argument>
      <factory class="Symfony\Component\Routing\RequestContext" method="fromUri"/>
    </service>
    <service id="router.cache_warmer" class="Symfony\Bundle\FrameworkBundle\CacheWarmer\RouterCacheWarmer">
      <tag name="container.service_subscriber" id="router"/>
      <tag name="kernel.cache_warmer"/>
      <argument type="service" id=".service_locator.HLwzKIm.router.cache_warmer"/>
    </service>
    <service id="router_listener" class="Symfony\Component\HttpKernel\EventListener\RouterListener">
      <tag name="kernel.event_subscriber"/>
      <tag name="monolog.logger" channel="request"/>
      <tag name="container.hot_path"/>
      <tag name="container.hot_path"/>
      <argument type="service" id="router.default"/>
      <argument type="service" id="request_stack"/>
      <argument type="service" id="router.request_context" on-invalid="ignore"/>
      <argument type="service" id="logger" on-invalid="ignore"/>
      <argument>C:\xampp\htdocs\phpAPI</argument>
      <argument>true</argument>
    </service>
    <service id="Symfony\Bundle\FrameworkBundle\Controller\RedirectController" class="Symfony\Bundle\FrameworkBundle\Controller\RedirectController" public="true">
      <argument type="service" id="router.default"/>
      <argument type="service">
        <service class="int">
          <factory service="router.request_context" method="getHttpPort"/>
        </service>
      </argument>
      <argument type="service">
        <service class="int">
          <factory service="router.request_context" method="getHttpsPort"/>
        </service>
      </argument>
    </service>
    <service id="Symfony\Bundle\FrameworkBundle\Controller\TemplateController" class="Symfony\Bundle\FrameworkBundle\Controller\TemplateController" public="true">
      <argument>null</argument>
    </service>
    <service id="routing.loader.annotation" class="Symfony\Bundle\FrameworkBundle\Routing\AnnotatedRouteControllerLoader">
      <tag name="routing.loader" priority="-10"/>
      <argument type="service" id="annotations.cached_reader" on-invalid="null"/>
      <argument>production</argument>
    </service>
    <service id="routing.loader.annotation.directory" class="Symfony\Component\Routing\Loader\AnnotationDirectoryLoader">
      <tag name="routing.loader" priority="-10"/>
      <argument type="service" id="file_locator"/>
      <argument type="service" id="routing.loader.annotation"/>
    </service>
    <service id="routing.loader.annotation.file" class="Symfony\Component\Routing\Loader\AnnotationFileLoader">
      <tag name="routing.loader" priority="-10"/>
      <argument type="service" id="file_locator"/>
      <argument type="service" id="routing.loader.annotation"/>
    </service>
    <service id="annotations.reader" class="Doctrine\Common\Annotations\AnnotationReader">
      <call method="addGlobalIgnoredName">
        <argument>required</argument>
        <argument type="service" id="annotations.dummy_registry"/>
      </call>
    </service>
    <service id="annotations.dummy_registry" class="Doctrine\Common\Annotations\AnnotationRegistry">
      <call method="registerUniqueLoader">
        <argument>class_exists</argument>
      </call>
    </service>
    <service id="annotations.cached_reader" class="Doctrine\Common\Annotations\PsrCachedReader">
      <tag name="annotations.cached_reader"/>
      <argument type="service" id="annotations.reader"/>
      <argument type="service">
        <service class="Symfony\Component\Cache\Adapter\ArrayAdapter"/>
      </argument>
      <argument>true</argument>
      <property name="cacheProviderBackup" type="service_closure" id="annotations.cache_adapter"/>
    </service>
    <service id="annotations.filesystem_cache_adapter" class="Symfony\Component\Cache\Adapter\FilesystemAdapter">
      <argument></argument>
      <argument>0</argument>
      <argument type="abstract">Cache-Directory</argument>
    </service>
    <service id="annotations.cache_warmer" class="Symfony\Bundle\FrameworkBundle\CacheWarmer\AnnotationsCacheWarmer">
      <tag name="kernel.cache_warmer"/>
      <argument type="service" id="annotations.reader"/>
      <argument>C:\xampp\htdocs\phpAPI\var\cache\production/annotations.php</argument>
      <argument>#^Symfony\\(?:Component\\HttpKernel\\|Bundle\\FrameworkBundle\\Controller\\(?!.*Controller$))#</argument>
      <argument>true</argument>
    </service>
    <service id="annotations.cache_adapter" class="Symfony\Component\Cache\Adapter\PhpArrayAdapter">
      <tag name="container.hot_path"/>
      <argument>C:\xampp\htdocs\phpAPI\var\cache\production/annotations.php</argument>
      <argument type="service" id="cache.annotations"/>
      <factory class="Symfony\Component\Cache\Adapter\PhpArrayAdapter" method="create"/>
    </service>
    <service id="secrets.vault" class="Symfony\Bundle\FrameworkBundle\Secrets\SodiumVault">
      <tag name="container.env_var_loader"/>
      <argument>C:\xampp\htdocs\phpAPI/config/secrets/%env(default:kernel.environment:APP_RUNTIME_ENV)%</argument>
      <argument type="service" id="secrets.decryption_key" on-invalid="ignore"/>
    </service>
    <service id="secrets.decryption_key" class="Symfony\Component\String\LazyString">
      <argument type="service" id="container.getenv"/>
      <argument>base64:default::SYMFONY_DECRYPTION_SECRET</argument>
      <factory class="Symfony\Component\String\LazyString" method="fromCallable"/>
    </service>
    <service id="secrets.local_vault" class="Symfony\Bundle\FrameworkBundle\Secrets\DotenvVault">
      <argument>C:\xampp\htdocs\phpAPI/.env.production.local</argument>
    </service>
    <service id="sensio_framework_extra.controller.listener" class="Sensio\Bundle\FrameworkExtraBundle\EventListener\ControllerListener">
      <tag name="kernel.event_subscriber"/>
      <tag name="container.hot_path"/>
      <argument type="service" id="annotations.cached_reader"/>
    </service>
    <service id="sensio_framework_extra.converter.listener" class="Sensio\Bundle\FrameworkExtraBundle\EventListener\ParamConverterListener">
      <tag name="kernel.event_subscriber"/>
      <tag name="container.hot_path"/>
      <argument type="service" id="sensio_framework_extra.converter.manager"/>
      <argument>true</argument>
    </service>
    <service id="sensio_framework_extra.converter.manager" class="Sensio\Bundle\FrameworkExtraBundle\Request\ParamConverter\ParamConverterManager">
      <call method="add">
        <argument type="service" id="sensio_framework_extra.converter.doctrine.orm"/>
        <argument>0</argument>
        <argument>doctrine.orm</argument>
      </call>
      <call method="add">
        <argument type="service" id="framework_extra_bundle.date_time_param_converter"/>
        <argument>0</argument>
        <argument>datetime</argument>
      </call>
    </service>
    <service id="sensio_framework_extra.converter.doctrine.orm" class="Sensio\Bundle\FrameworkExtraBundle\Request\ParamConverter\DoctrineParamConverter">
      <tag name="request.param_converter" converter="doctrine.orm"/>
      <argument>null</argument>
      <argument>null</argument>
    </service>
    <service id="framework_extra_bundle.date_time_param_converter" class="Sensio\Bundle\FrameworkExtraBundle\Request\ParamConverter\DateTimeParamConverter">
      <tag name="request.param_converter" converter="datetime"/>
    </service>
    <service id="sensio_framework_extra.view.guesser" class="Sensio\Bundle\FrameworkExtraBundle\Templating\TemplateGuesser">
      <argument type="service" id="kernel"/>
    </service>
    <service id="sensio_framework_extra.cache.listener" class="Sensio\Bundle\FrameworkExtraBundle\EventListener\HttpCacheListener">
      <tag name="kernel.event_subscriber"/>
      <tag name="container.hot_path"/>
      <tag name="container.hot_path"/>
    </service>
    <service id="framework_extra_bundle.event.is_granted" class="Sensio\Bundle\FrameworkExtraBundle\EventListener\IsGrantedListener">
      <tag name="kernel.event_subscriber"/>
      <tag name="container.hot_path"/>
      <argument type="service" id="framework_extra_bundle.argument_name_convertor"/>
      <argument>null</argument>
    </service>
    <service id="framework_extra_bundle.argument_name_convertor" class="Sensio\Bundle\FrameworkExtraBundle\Request\ArgumentNameConverter">
      <argument type="service" id="argument_metadata_factory"/>
    </service>
    <service id=".instanceof.Symfony\Contracts\Service\ServiceSubscriberInterface.0.App\Controller\ApiController" class="App\Controller\ApiController" autowire="true" abstract="true"/>
    <service id=".instanceof.Symfony\Bundle\FrameworkBundle\Controller\AbstractController.0.App\Controller\ApiController" class="App\Controller\ApiController" autowire="true" abstract="true"/>
    <service id=".abstract.instanceof.App\Controller\ApiController" class="App\Controller\ApiController" autowire="true" autoconfigure="true" abstract="true"/>
    <service id=".service_locator.gSv9zYw" class="Symfony\Component\DependencyInjection\ServiceLocator">
      <tag name="container.service_locator"/>
      <argument type="collection">
        <argument key="base64" type="service_closure" id="container.env_var_processor"/>
        <argument key="bool" type="service_closure" id="container.env_var_processor"/>
        <argument key="const" type="service_closure" id="container.env_var_processor"/>
        <argument key="csv" type="service_closure" id="container.env_var_processor"/>
        <argument key="default" type="service_closure" id="container.env_var_processor"/>
        <argument key="file" type="service_closure" id="container.env_var_processor"/>
        <argument key="float" type="service_closure" id="container.env_var_processor"/>
        <argument key="int" type="service_closure" id="container.env_var_processor"/>
        <argument key="json" type="service_closure" id="container.env_var_processor"/>
        <argument key="key" type="service_closure" id="container.env_var_processor"/>
        <argument key="not" type="service_closure" id="container.env_var_processor"/>
        <argument key="query_string" type="service_closure" id="container.env_var_processor"/>
        <argument key="require" type="service_closure" id="container.env_var_processor"/>
        <argument key="resolve" type="service_closure" id="container.env_var_processor"/>
        <argument key="string" type="service_closure" id="container.env_var_processor"/>
        <argument key="trim" type="service_closure" id="container.env_var_processor"/>
        <argument key="url" type="service_closure" id="container.env_var_processor"/>
      </argument>
    </service>
    <service id=".service_locator.KfwZsne" class="Symfony\Component\DependencyInjection\ServiceLocator">
      <tag name="container.service_locator"/>
      <argument type="collection">
        <argument key="response" type="service_closure" id=".errored..service_locator.KfwZsne.Symfony\Component\HttpFoundation\Response"/>
      </argument>
    </service>
    <service id=".service_locator.KfbR3DY" class="Symfony\Component\DependencyInjection\ServiceLocator">
      <tag name="container.service_locator"/>
      <argument type="collection">
        <argument key="loader" type="service_closure" id=".errored..service_locator.KfbR3DY.Symfony\Component\Config\Loader\LoaderInterface"/>
      </argument>
    </service>
    <service id=".errored.Gj4grGg" class="Symfony\Component\Validator\Validator\ValidatorInterface"/>
    <service id=".service_locator.BXgVmpd" class="Symfony\Component\DependencyInjection\ServiceLocator">
      <tag name="container.service_locator"/>
      <argument type="collection">
        <argument key="response" type="service_closure" id=".errored..service_locator.BXgVmpd.Symfony\Component\HttpFoundation\Response"/>
        <argument key="validator" type="service_closure" id=".errored.Gj4grGg"/>
      </argument>
    </service>
    <service id=".errored.iwEGr0k" class="Symfony\Component\Validator\Constraints\Collection"/>
    <service id=".errored.Wx2IBQf" class="Symfony\Component\Validator\Validator\ValidatorInterface"/>
    <service id=".service_locator.eUzf6eg" class="Symfony\Component\DependencyInjection\ServiceLocator">
      <tag name="container.service_locator"/>
      <argument type="collection">
        <argument key="assert" type="service_closure" id=".errored.iwEGr0k"/>
        <argument key="validator" type="service_closure" id=".errored.Wx2IBQf"/>
      </argument>
    </service>
    <service id=".service_locator.yIFORwQ" class="Symfony\Component\DependencyInjection\ServiceLocator">
      <tag name="container.service_locator"/>
      <argument type="collection">
        <argument key="App\Controller\ApiController::getSendMail" type="service_closure" id=".service_locator.BXgVmpd"/>
        <argument key="App\Controller\ApiController::validate_assert" type="service_closure" id=".service_locator.eUzf6eg"/>
        <argument key="App\Kernel::loadRoutes" type="service_closure" id=".service_locator.KfbR3DY"/>
        <argument key="App\Kernel::registerContainerConfiguration" type="service_closure" id=".service_locator.KfbR3DY"/>
        <argument key="App\Kernel::terminate" type="service_closure" id=".service_locator.KfwZsne"/>
        <argument key="kernel::loadRoutes" type="service_closure" id=".service_locator.KfbR3DY"/>
        <argument key="kernel::registerContainerConfiguration" type="service_closure" id=".service_locator.KfbR3DY"/>
        <argument key="kernel::terminate" type="service_closure" id=".service_locator.KfwZsne"/>
        <argument key="App\Controller\ApiController:getSendMail" type="service_closure" id=".service_locator.BXgVmpd"/>
        <argument key="App\Controller\ApiController:validate_assert" type="service_closure" id=".service_locator.eUzf6eg"/>
        <argument key="kernel:loadRoutes" type="service_closure" id=".service_locator.KfbR3DY"/>
        <argument key="kernel:registerContainerConfiguration" type="service_closure" id=".service_locator.KfbR3DY"/>
        <argument key="kernel:terminate" type="service_closure" id=".service_locator.KfwZsne"/>
      </argument>
    </service>
    <service id=".service_locator.lLv4pWF" class="Symfony\Component\DependencyInjection\ServiceLocator">
      <tag name="container.service_locator"/>
      <argument type="collection">
        <argument key="inline" type="service_closure" id="fragment.renderer.inline"/>
      </argument>
    </service>
    <service id="logger" class="Symfony\Component\HttpKernel\Log\Logger"/>
    <service id=".service_locator.l1ae.Qz" class="Symfony\Component\DependencyInjection\ServiceLocator">
      <tag name="container.service_locator"/>
      <argument type="collection">
        <argument key="http_kernel" type="service_closure" id="http_kernel" on-invalid="ignore"/>
        <argument key="parameter_bag" type="service_closure" id="parameter_bag" on-invalid="ignore"/>
        <argument key="request_stack" type="service_closure" id="request_stack" on-invalid="ignore"/>
        <argument key="router" type="service_closure" id="router.default" on-invalid="ignore"/>
      </argument>
    </service>
    <service id=".service_locator.l1ae.Qz.App\Controller\ApiController" class="Symfony\Component\DependencyInjection\ServiceLocator">
      <tag name="container.service_locator_context" id="App\Controller\ApiController"/>
      <argument>App\Controller\ApiController</argument>
      <argument type="service" id="service_container"/>
      <factory service=".service_locator.l1ae.Qz" method="withContext"/>
    </service>
    <service id=".service_locator.WOytlHA" class="Symfony\Component\DependencyInjection\ServiceLocator">
      <tag name="container.service_locator"/>
      <argument type="collection">
        <argument key="routing.loader" type="service_closure" id="routing.loader"/>
      </argument>
    </service>
    <service id=".service_locator.WOytlHA.router.default" class="Symfony\Component\DependencyInjection\ServiceLocator">
      <tag name="container.service_locator_context" id="router.default"/>
      <argument>router.default</argument>
      <argument type="service" id="service_container"/>
      <factory service=".service_locator.WOytlHA" method="withContext"/>
    </service>
    <service id=".service_locator.HLwzKIm" class="Symfony\Component\DependencyInjection\ServiceLocator">
      <tag name="container.service_locator"/>
      <argument type="collection">
        <argument key="router" type="service_closure" id="router.default"/>
      </argument>
    </service>
    <service id=".service_locator.HLwzKIm.router.cache_warmer" class="Symfony\Component\DependencyInjection\ServiceLocator">
      <tag name="container.service_locator_context" id="router.cache_warmer"/>
      <argument>router.cache_warmer</argument>
      <argument type="service" id="service_container"/>
      <factory service=".service_locator.HLwzKIm" method="withContext"/>
    </service>
    <service id=".service_locator.XXv1IfR" class="Symfony\Component\DependencyInjection\ServiceLocator">
      <tag name="container.service_locator"/>
      <argument type="collection">
        <argument key="reverse_container" type="service_closure" id="reverse_container" on-invalid="ignore_uninitialized"/>
      </argument>
    </service>
    <service id=".service_locator.Xobvezw" class="Symfony\Component\DependencyInjection\ServiceLocator">
      <tag name="container.service_locator"/>
      <argument type="collection">
        <argument key="event_dispatcher" type="service_closure" id="event_dispatcher"/>
      </argument>
    </service>
    <service id=".service_locator.cXsfP3P" class="Symfony\Component\DependencyInjection\ServiceLocator">
      <tag name="container.service_locator"/>
      <argument type="collection">
        <argument key="logger" type="service_closure" id="logger" on-invalid="ignore"/>
        <argument key="session_factory" type="service_closure" id="session.factory" on-invalid="ignore"/>
      </argument>
    </service>
    <service id=".service_locator.kODoftA" class="Symfony\Component\DependencyInjection\ServiceLocator">
      <tag name="container.service_locator"/>
      <argument type="collection">
        <argument key="kernel" type="service_closure" id="kernel"/>
      </argument>
    </service>
    <service id=".errored..service_locator.KfwZsne.Symfony\Component\HttpFoundation\Response" class="Symfony\Component\HttpFoundation\Response"/>
    <service id=".errored..service_locator.KfbR3DY.Symfony\Component\Config\Loader\LoaderInterface" class="Symfony\Component\Config\Loader\LoaderInterface"/>
    <service id=".errored..service_locator.BXgVmpd.Symfony\Component\HttpFoundation\Response" class="Symfony\Component\HttpFoundation\Response"/>
    <service id=".console.command.about.lazy" class="Symfony\Component\Console\Command\LazyCommand">
      <argument>about</argument>
      <argument type="collection"/>
      <argument>Display information about the current project</argument>
      <argument>false</argument>
      <argument type="service_closure" id="console.command.about"/>
    </service>
    <service id=".console.command.assets_install.lazy" class="Symfony\Component\Console\Command\LazyCommand">
      <argument>assets:install</argument>
      <argument type="collection"/>
      <argument>Install bundle's web assets under a public directory</argument>
      <argument>false</argument>
      <argument type="service_closure" id="console.command.assets_install"/>
    </service>
    <service id=".console.command.cache_clear.lazy" class="Symfony\Component\Console\Command\LazyCommand">
      <argument>cache:clear</argument>
      <argument type="collection"/>
      <argument>Clear the cache</argument>
      <argument>false</argument>
      <argument type="service_closure" id="console.command.cache_clear"/>
    </service>
    <service id=".console.command.cache_pool_clear.lazy" class="Symfony\Component\Console\Command\LazyCommand">
      <argument>cache:pool:clear</argument>
      <argument type="collection"/>
      <argument>Clear cache pools</argument>
      <argument>false</argument>
      <argument type="service_closure" id="console.command.cache_pool_clear"/>
    </service>
    <service id=".console.command.cache_pool_prune.lazy" class="Symfony\Component\Console\Command\LazyCommand">
      <argument>cache:pool:prune</argument>
      <argument type="collection"/>
      <argument>Prune cache pools</argument>
      <argument>false</argument>
      <argument type="service_closure" id="console.command.cache_pool_prune"/>
    </service>
    <service id=".console.command.cache_pool_delete.lazy" class="Symfony\Component\Console\Command\LazyCommand">
      <argument>cache:pool:delete</argument>
      <argument type="collection"/>
      <argument>Delete an item from a cache pool</argument>
      <argument>false</argument>
      <argument type="service_closure" id="console.command.cache_pool_delete"/>
    </service>
    <service id=".console.command.cache_pool_list.lazy" class="Symfony\Component\Console\Command\LazyCommand">
      <argument>cache:pool:list</argument>
      <argument type="collection"/>
      <argument>List available cache pools</argument>
      <argument>false</argument>
      <argument type="service_closure" id="console.command.cache_pool_list"/>
    </service>
    <service id=".console.command.cache_warmup.lazy" class="Symfony\Component\Console\Command\LazyCommand">
      <argument>cache:warmup</argument>
      <argument type="collection"/>
      <argument>Warm up an empty cache</argument>
      <argument>false</argument>
      <argument type="service_closure" id="console.command.cache_warmup"/>
    </service>
    <service id=".console.command.config_debug.lazy" class="Symfony\Component\Console\Command\LazyCommand">
      <argument>debug:config</argument>
      <argument type="collection"/>
      <argument>Dump the current configuration for an extension</argument>
      <argument>false</argument>
      <argument type="service_closure" id="console.command.config_debug"/>
    </service>
    <service id=".console.command.config_dump_reference.lazy" class="Symfony\Component\Console\Command\LazyCommand">
      <argument>config:dump-reference</argument>
      <argument type="collection"/>
      <argument>Dump the default configuration for an extension</argument>
      <argument>false</argument>
      <argument type="service_closure" id="console.command.config_dump_reference"/>
    </service>
    <service id=".console.command.container_debug.lazy" class="Symfony\Component\Console\Command\LazyCommand">
      <argument>debug:container</argument>
      <argument type="collection"/>
      <argument>Display current services for an application</argument>
      <argument>false</argument>
      <argument type="service_closure" id="console.command.container_debug"/>
    </service>
    <service id=".console.command.container_lint.lazy" class="Symfony\Component\Console\Command\LazyCommand">
      <argument>lint:container</argument>
      <argument type="collection"/>
      <argument>Ensure that arguments injected into services match type declarations</argument>
      <argument>false</argument>
      <argument type="service_closure" id="console.command.container_lint"/>
    </service>
    <service id=".console.command.debug_autowiring.lazy" class="Symfony\Component\Console\Command\LazyCommand">
      <argument>debug:autowiring</argument>
      <argument type="collection"/>
      <argument>List classes/interfaces you can use for autowiring</argument>
      <argument>false</argument>
      <argument type="service_closure" id="console.command.debug_autowiring"/>
    </service>
    <service id=".console.command.dotenv_debug.lazy" class="Symfony\Component\Console\Command\LazyCommand">
      <argument>debug:dotenv</argument>
      <argument type="collection"/>
      <argument>Lists all dotenv files with variables and values</argument>
      <argument>false</argument>
      <argument type="service_closure" id="console.command.dotenv_debug"/>
    </service>
    <service id=".console.command.event_dispatcher_debug.lazy" class="Symfony\Component\Console\Command\LazyCommand">
      <argument>debug:event-dispatcher</argument>
      <argument type="collection"/>
      <argument>Display configured listeners for an application</argument>
      <argument>false</argument>
      <argument type="service_closure" id="console.command.event_dispatcher_debug"/>
    </service>
    <service id=".console.command.router_debug.lazy" class="Symfony\Component\Console\Command\LazyCommand">
      <argument>debug:router</argument>
      <argument type="collection"/>
      <argument>Display current routes for an application</argument>
      <argument>false</argument>
      <argument type="service_closure" id="console.command.router_debug"/>
    </service>
    <service id=".console.command.router_match.lazy" class="Symfony\Component\Console\Command\LazyCommand">
      <argument>router:match</argument>
      <argument type="collection"/>
      <argument>Help debug routes by simulating a path info match</argument>
      <argument>false</argument>
      <argument type="service_closure" id="console.command.router_match"/>
    </service>
    <service id=".console.command.yaml_lint.lazy" class="Symfony\Component\Console\Command\LazyCommand">
      <argument>lint:yaml</argument>
      <argument type="collection"/>
      <argument>Lint a YAML file and outputs encountered errors</argument>
      <argument>false</argument>
      <argument type="service_closure" id="console.command.yaml_lint"/>
    </service>
    <service id=".console.command.secrets_set.lazy" class="Symfony\Component\Console\Command\LazyCommand">
      <argument>secrets:set</argument>
      <argument type="collection"/>
      <argument>Set a secret in the vault</argument>
      <argument>false</argument>
      <argument type="service_closure" id="console.command.secrets_set"/>
    </service>
    <service id=".console.command.secrets_remove.lazy" class="Symfony\Component\Console\Command\LazyCommand">
      <argument>secrets:remove</argument>
      <argument type="collection"/>
      <argument>Remove a secret from the vault</argument>
      <argument>false</argument>
      <argument type="service_closure" id="console.command.secrets_remove"/>
    </service>
    <service id=".console.command.secrets_generate_key.lazy" class="Symfony\Component\Console\Command\LazyCommand">
      <argument>secrets:generate-keys</argument>
      <argument type="collection"/>
      <argument>Generate new encryption keys</argument>
      <argument>false</argument>
      <argument type="service_closure" id="console.command.secrets_generate_key"/>
    </service>
    <service id=".console.command.secrets_list.lazy" class="Symfony\Component\Console\Command\LazyCommand">
      <argument>secrets:list</argument>
      <argument type="collection"/>
      <argument>List all secrets</argument>
      <argument>false</argument>
      <argument type="service_closure" id="console.command.secrets_list"/>
    </service>
    <service id=".console.command.secrets_decrypt_to_local.lazy" class="Symfony\Component\Console\Command\LazyCommand">
      <argument>secrets:decrypt-to-local</argument>
      <argument type="collection"/>
      <argument>Decrypt all secrets and stores them in the local vault</argument>
      <argument>false</argument>
      <argument type="service_closure" id="console.command.secrets_decrypt_to_local"/>
    </service>
    <service id=".console.command.secrets_encrypt_from_local.lazy" class="Symfony\Component\Console\Command\LazyCommand">
      <argument>secrets:encrypt-from-local</argument>
      <argument type="collection"/>
      <argument>Encrypt all local secrets to the vault</argument>
      <argument>false</argument>
      <argument type="service_closure" id="console.command.secrets_encrypt_from_local"/>
    </service>
    <service id="console.command_loader" class="Symfony\Component\Console\CommandLoader\ContainerCommandLoader" public="true">
      <tag name="container.no_preload"/>
      <argument type="service" id=".service_locator.lxrdX0Y"/>
      <argument type="collection">
        <argument key="about">console.command.about</argument>
        <argument key="assets:install">console.command.assets_install</argument>
        <argument key="cache:clear">console.command.cache_clear</argument>
        <argument key="cache:pool:clear">console.command.cache_pool_clear</argument>
        <argument key="cache:pool:prune">console.command.cache_pool_prune</argument>
        <argument key="cache:pool:delete">console.command.cache_pool_delete</argument>
        <argument key="cache:pool:list">console.command.cache_pool_list</argument>
        <argument key="cache:warmup">console.command.cache_warmup</argument>
        <argument key="debug:config">console.command.config_debug</argument>
        <argument key="config:dump-reference">console.command.config_dump_reference</argument>
        <argument key="debug:container">console.command.container_debug</argument>
        <argument key="lint:container">console.command.container_lint</argument>
        <argument key="debug:autowiring">console.command.debug_autowiring</argument>
        <argument key="debug:dotenv">console.command.dotenv_debug</argument>
        <argument key="debug:event-dispatcher">console.command.event_dispatcher_debug</argument>
        <argument key="debug:router">console.command.router_debug</argument>
        <argument key="router:match">console.command.router_match</argument>
        <argument key="lint:yaml">console.command.yaml_lint</argument>
        <argument key="secrets:set">console.command.secrets_set</argument>
        <argument key="secrets:remove">console.command.secrets_remove</argument>
        <argument key="secrets:generate-keys">console.command.secrets_generate_key</argument>
        <argument key="secrets:list">console.command.secrets_list</argument>
        <argument key="secrets:decrypt-to-local">console.command.secrets_decrypt_to_local</argument>
        <argument key="secrets:encrypt-from-local">console.command.secrets_encrypt_from_local</argument>
      </argument>
    </service>
    <service id=".service_locator.lxrdX0Y" class="Symfony\Component\DependencyInjection\ServiceLocator">
      <tag name="container.service_locator"/>
      <argument type="collection">
        <argument key="console.command.about" type="service_closure" id=".console.command.about.lazy"/>
        <argument key="console.command.assets_install" type="service_closure" id=".console.command.assets_install.lazy"/>
        <argument key="console.command.cache_clear" type="service_closure" id=".console.command.cache_clear.lazy"/>
        <argument key="console.command.cache_pool_clear" type="service_closure" id=".console.command.cache_pool_clear.lazy"/>
        <argument key="console.command.cache_pool_prune" type="service_closure" id=".console.command.cache_pool_prune.lazy"/>
        <argument key="console.command.cache_pool_delete" type="service_closure" id=".console.command.cache_pool_delete.lazy"/>
        <argument key="console.command.cache_pool_list" type="service_closure" id=".console.command.cache_pool_list.lazy"/>
        <argument key="console.command.cache_warmup" type="service_closure" id=".console.command.cache_warmup.lazy"/>
        <argument key="console.command.config_debug" type="service_closure" id=".console.command.config_debug.lazy"/>
        <argument key="console.command.config_dump_reference" type="service_closure" id=".console.command.config_dump_reference.lazy"/>
        <argument key="console.command.container_debug" type="service_closure" id=".console.command.container_debug.lazy"/>
        <argument key="console.command.container_lint" type="service_closure" id=".console.command.container_lint.lazy"/>
        <argument key="console.command.debug_autowiring" type="service_closure" id=".console.command.debug_autowiring.lazy"/>
        <argument key="console.command.dotenv_debug" type="service_closure" id=".console.command.dotenv_debug.lazy"/>
        <argument key="console.command.event_dispatcher_debug" type="service_closure" id=".console.command.event_dispatcher_debug.lazy"/>
        <argument key="console.command.router_debug" type="service_closure" id=".console.command.router_debug.lazy"/>
        <argument key="console.command.router_match" type="service_closure" id=".console.command.router_match.lazy"/>
        <argument key="console.command.yaml_lint" type="service_closure" id=".console.command.yaml_lint.lazy"/>
        <argument key="console.command.secrets_set" type="service_closure" id=".console.command.secrets_set.lazy"/>
        <argument key="console.command.secrets_remove" type="service_closure" id=".console.command.secrets_remove.lazy"/>
        <argument key="console.command.secrets_generate_key" type="service_closure" id=".console.command.secrets_generate_key.lazy"/>
        <argument key="console.command.secrets_list" type="service_closure" id=".console.command.secrets_list.lazy"/>
        <argument key="console.command.secrets_decrypt_to_local" type="service_closure" id=".console.command.secrets_decrypt_to_local.lazy"/>
        <argument key="console.command.secrets_encrypt_from_local" type="service_closure" id=".console.command.secrets_encrypt_from_local.lazy"/>
      </argument>
    </service>
    <service id="App\Kernel" alias="kernel" public="true"/>
    <service id="Symfony\Component\DependencyInjection\ParameterBag\ContainerBagInterface" alias="parameter_bag"/>
    <service id="Symfony\Component\DependencyInjection\ParameterBag\ParameterBagInterface" alias="parameter_bag"/>
    <service id="Symfony\Component\EventDispatcher\EventDispatcherInterface" alias="event_dispatcher"/>
    <service id="Symfony\Contracts\EventDispatcher\EventDispatcherInterface" alias="event_dispatcher"/>
    <service id="Symfony\Component\HttpKernel\HttpKernelInterface" alias="http_kernel"/>
    <service id="Symfony\Component\HttpFoundation\RequestStack" alias="request_stack"/>
    <service id="Symfony\Component\HttpKernel\HttpCache\StoreInterface" alias="http_cache.store"/>
    <service id="Symfony\Component\HttpFoundation\UrlHelper" alias="url_helper"/>
    <service id="Symfony\Component\HttpKernel\KernelInterface" alias="kernel"/>
    <service id="Symfony\Component\Filesystem\Filesystem" alias="filesystem"/>
    <service id="Symfony\Component\HttpKernel\Config\FileLocator" alias="file_locator"/>
    <service id="Symfony\Component\HttpKernel\UriSigner" alias="uri_signer"/>
    <service id="Symfony\Component\DependencyInjection\ReverseContainer" alias="reverse_container"/>
    <service id="Symfony\Component\String\Slugger\SluggerInterface" alias="slugger"/>
    <service id="Symfony\Component\HttpKernel\Fragment\FragmentUriGeneratorInterface" alias="fragment.uri_generator"/>
    <service id="error_renderer.html" alias="error_handler.error_renderer.html"/>
    <service id="error_renderer" alias="error_handler.error_renderer.html"/>
    <service id="Psr\EventDispatcher\EventDispatcherInterface" alias="event_dispatcher"/>
    <service id="Psr\Container\ContainerInterface $parameterBag" alias="parameter_bag"/>
    <service id="cache.app_clearer" alias="cache.default_clearer" public="true"/>
    <service id="Psr\Cache\CacheItemPoolInterface" alias="cache.app"/>
    <service id="Symfony\Contracts\Cache\CacheInterface" alias="cache.app"/>
    <service id="Symfony\Contracts\Cache\TagAwareCacheInterface" alias="cache.app.taggable"/>
    <service id="cache.default_redis_provider" alias=".cache_connection.GD_MSZC"/>
    <service id="cache.default_memcached_provider" alias=".cache_connection.JKE6keX"/>
    <service id="cache.default_doctrine_dbal_provider" alias="database_connection"/>
    <service id="SessionHandlerInterface" alias="session.handler.native_file"/>
    <service id="session.storage.factory" alias="session.storage.factory.native"/>
    <service id="session.handler" alias="session.handler.native_file"/>
    <service id="Symfony\Component\HttpKernel\Debug\FileLinkFormatter" alias="debug.file_link_formatter"/>
    <service id="router" alias="router.default" public="true"/>
    <service id="Symfony\Component\Routing\RouterInterface" alias="router.default"/>
    <service id="Symfony\Component\Routing\Generator\UrlGeneratorInterface" alias="router.default"/>
    <service id="Symfony\Component\Routing\Matcher\UrlMatcherInterface" alias="router.default"/>
    <service id="Symfony\Component\Routing\RequestContextAwareInterface" alias="router.default"/>
    <service id="Symfony\Component\Routing\RequestContext" alias="router.request_context"/>
    <service id="annotation_reader" alias="annotations.cached_reader"/>
    <service id="Doctrine\Common\Annotations\Reader" alias="annotations.cached_reader"/>
    <service id="container.env_var_processors_locator" alias=".service_locator.gSv9zYw" public="true"/>
    <service id="argument_resolver.controller_locator" alias=".service_locator.yIFORwQ"/>
    <service id="Psr\Log\LoggerInterface" alias="logger"/>
    <service id=".service_locator.0GV1BZZ" alias=".service_locator.gSv9zYw"/>
    <service id=".service_locator.dghPyu0" alias=".service_locator.BXgVmpd"/>
    <service id=".service_locator.wIdwtAq" alias=".service_locator.yIFORwQ"/>
    <service id=".service_locator.jkb6XQV" alias=".service_locator.l1ae.Qz"/>
    <service id=".service_locator._5g_Wvc" alias=".service_locator.KfwZsne"/>
    <service id=".service_locator.JBAFp66" alias=".service_locator.KfbR3DY"/>
    <service id=".service_locator.lPmi8mN" alias=".service_locator.BXgVmpd"/>
    <service id=".service_locator.STKt8Qw" alias=".service_locator.l1ae.Qz"/>
    <service id=".service_locator.u6DWx23" alias=".service_locator.cXsfP3P"/>
  </services>
</container>
